"Parent ID","Parent SKU","Product ID","Product SKU","Product Name","Slug","Permalink","Description","Excerpt","Product Published","Product Modified","Type","Visibility","Featured","Virtual","Downloadable","Price","Sale Price","Sale Price Dates From","Sale Price Dates To","Weight","Weight Unit","Height","Height Unit","Width","Width Unit","Length","Length Unit","Category","Tag","Featured Image","Product Gallery","Tax Status","Tax Class","File Download","Download Limit","Download Expiry","Download Type","Manage Stock","Quantity","Stock Status","Allow Backorders","Sold Individually","Up-Sells","Cross-Sells","Product URL","Button Text","Purchase Note","Product Status","Enable Reviews","Sort Order","Attribute: Size","Attribute: Colors","Attribute: Saree Fabric"
"","","28435","TA6","Multicolour Diamante Stone Anklet","imitation-designer-jewelry-5","http://swarajshop.com/?post_type=product&#038;p=28435","Complete your traditional or contemporary look by adorning these exquisite anklets by Traditsiya. Wear it with an Anarkali, Saree, Lehenga Choli, Salwar Kameez or just a casual Kurti, this intricately designed anklet will add a charm to any attire.","","09/06/2014","21/06/2014","Simple Product","Catalog &#038; Search","No","No","No","650","","","","","","","","","","","","Jewellery>Anklets|Jewellery","online silver jewellery","",,"Taxable","","","","","Standard","Yes","1","In Stock","No","No","","","","","","pending","Open","0",,,
"","","28434","TA5","Diamante Stone Delicate Anklet","imitation-designer-jewelry-4","http://swarajshop.com/product/imitation-designer-jewelry-4/","Complete your traditional or contemporary look by adorning these exquisite anklets by Traditsiya. Wear it with an Anarkali, Saree, Lehenga Choli, Salwar Kameez or just a casual Kurti, this intricately designed anklet will add a charm to any attire.","","09/06/2014","21/06/2014","Simple Product","Catalog &#038; Search","No","No","No","650","","","","","","","","","","","","Jewellery>Anklets|Jewellery","online silver jewellery","http://swarajshop.com/wp-content/uploads/2014/06/TA5_MAIN_LR.jpg","28457","Taxable","","","","","Standard","Yes","1","In Stock","No","No","","","","","","Publish","Open","0",,,
"","","28433","TA4","Red and Green Pearl Stone Anklet","imitation-designer-jewelry-3","http://swarajshop.com/product/imitation-designer-jewelry-3/","Complete your traditional or contemporary look by adorning these exquisite anklets by Traditsiya. Wear it with an Anarkali, Saree, Lehenga Choli, Salwar Kameez or just a casual Kurti, this intricately designed anklet will add a charm to any attire.","","09/06/2014","21/06/2014","Simple Product","Catalog &#038; Search","No","No","No","950","","","","","","","","","","","","Jewellery>Anklets|Jewellery","online silver jewellery","http://swarajshop.com/wp-content/uploads/2014/06/TA4_MAIN_LR.jpg","28454","Taxable","","","","","Standard","Yes","1","In Stock","No","No","","","","","","Publish","Open","0",,,
"","","28432","TA3","Silver Stone Studded Toe ring attached Anklet","imitation-designer-jewelry-2","http://swarajshop.com/product/imitation-designer-jewelry-2/","Complete your traditional or contemporary look by adorning these exquisite anklets by Traditsiya. Wear it with an Anarkali, Saree, Lehenga Choli, Salwar Kameez or just a casual Kurti, this intricately designed anklet will add a charm to any attire.","","09/06/2014","21/06/2014","Simple Product","Catalog &#038; Search","No","No","No","1250","","","","","","","","","","","","Jewellery>Anklets|Jewellery","online silver jewellery","http://swarajshop.com/wp-content/uploads/2014/06/TA3_CLOSEUP_LR.jpg","28452|28451","Taxable","","","","","Standard","Yes","1","In Stock","No","No","","","","","","Publish","Open","0",,,
"","","28430","TA2","Mini Fish Shaped Anklet","imitation-designer-jewelry-r","http://swarajshop.com/product/imitation-designer-jewelry-r/","Complete your traditional or contemporary look by adorning these exquisite anklets by Traditsiya. Wear it with an Anarkali, Saree, Lehenga Choli, Salwar Kameez or just a casual Kurti, this intricately designed anklet will add a charm to any attire.","","09/06/2014","21/06/2014","Simple Product","Catalog &#038; Search","No","No","No","650","","","","","","","","","","","","Jewellery>Anklets|Jewellery","online silver jewellery","http://swarajshop.com/wp-content/uploads/2014/06/TA2_MAIN_LR.jpg","28450","Taxable","","","","","Standard","Yes","1","In Stock","No","No","","","","","","Publish","Open","0",,,
"","","28429","TA1","Diamante Stone Studded Anklet","imitation-designer-jewelry","http://swarajshop.com/product/imitation-designer-jewelry/","Complete your traditional or contemporary look by adorning these exquisite anklets by Traditsiya. Wear it with an Anarkali, Saree, Lehenga Choli, Salwar Kameez or just a casual Kurti, this intricately designed anklet will add a charm to any attire.","","09/06/2014","21/06/2014","Simple Product","Catalog &#038; Search","No","No","No","650","","","","","","","","","","","","Jewellery>Anklets|Jewellery","online silver jewellery","http://swarajshop.com/wp-content/uploads/2014/06/TA1_MAIN_LR.jpg","28447","Taxable","","","","","Standard","Yes","1","In Stock","No","No","","","","","","Publish","Open","0",,,
"","","28278","TBS23","Glitzy Red and Golden Eight piece Bridal Set","glitzy-red-golden-piece-bridal-set","http://swarajshop.com/product/glitzy-red-golden-piece-bridal-set/","A bride deserves to dress up like a princess on her wedding day and we understand that perfectly. This bridal set will help you steal the limelight, exclusively designed with shimmering beads and sparkly diamant","","08/06/2014","08/06/2014","Simple Product","Catalog &#038; Search","No","No","No","8895","","","","","","","","","","","","Bridal Sets|Jewellery","","http://swarajshop.com/wp-content/uploads/2014/06/TBS23_EARING_LR1.jpg","28280|28281","Taxable","","","","","Standard","Yes","1","In Stock","No","No","","","","","","Publish","Open","0",,,
"","","28276","TBS17","Red and Green Jhaalar Eight Pieces Bridal Set","red-green-jhaalar-pieces-bridal-set","http://swarajshop.com/product/red-green-jhaalar-pieces-bridal-set/","A bride deserves to dress up like a princess on her wedding day and we understand that perfectly. This bridal set will help you steal the limelight, exclusively designed with shimmering beads and sparkly diamant","","08/06/2014","08/06/2014","Simple Product","Catalog &#038; Search","No","No","No","7550","","","","","","","","","","","","Bridal Sets|Jewellery","","http://swarajshop.com/wp-content/uploads/2014/06/TBS17_main1.jpg",,"Taxable","","","","","Standard","Yes","1","In Stock","No","No","","","","","","Publish","Open","0",,,
"","","28274","TBS15","Glittery Red and Green Eight Pieces Bridal Set","glittery-red-green-pieces-bridal-set","http://swarajshop.com/product/glittery-red-green-pieces-bridal-set/","A bride deserves to dress up like a princess on her wedding day and we understand that perfectly. This bridal set will help you steal the limelight, exclusively designed with shimmering beads and sparkly diamant","","08/06/2014","08/06/2014","Simple Product","Catalog &#038; Search","No","No","No","12550","","","","","","","","","","","","Bridal Sets|Jewellery","","http://swarajshop.com/wp-content/uploads/2014/06/TBS15_main1.jpg",,"Taxable","","","","","Standard","Yes","1","In Stock","No","No","","","","","","Publish","Open","0",,,
"","","28272","TBS14","Sparkly Maroon and Gold Eight Pieces Bridal Set","sparkly-maroon-gold-pieces-bridal-set","http://swarajshop.com/product/sparkly-maroon-gold-pieces-bridal-set/","A bride deserves to dress up like a princess on her wedding day and we understand that perfectly. This bridal set will help you steal the limelight, exclusively designed with shimmering beads and sparkly diamant","","08/06/2014","08/06/2014","Simple Product","Catalog &#038; Search","No","No","No","11550","","","","","","","","","","","","Bridal Sets|Jewellery","","http://swarajshop.com/wp-content/uploads/2014/06/TBS14_main1.jpg",,"Taxable","","","","","Standard","Yes","1","In Stock","No","No","","","","","","Publish","Open","0",,,
"","","28270","TBS13","Exquisite Maroon Seven Pieces Bridal Set","exquisite-maroon-pieces-bridal-set","http://swarajshop.com/product/exquisite-maroon-pieces-bridal-set/","A bride deserves to dress up like a princess on her wedding day and we understand that perfectly. This bridal set will help you steal the limelight, exclusively designed with shimmering beads and sparkly diamant","","08/06/2014","08/06/2014","Simple Product","Catalog &#038; Search","No","No","No","10550","","","","","","","","","","","","Bridal Sets|Jewellery","","http://swarajshop.com/wp-content/uploads/2014/06/TBS13_LR1.jpg",,"Taxable","","","","","Standard","Yes","1","In Stock","No","No","","","","","","Publish","Open","0",,,
"","","28268","TBS12","Extravagant Red and Green Seven Pieces Bridal Set","extravagant-red-green-pieces-bridal-set","http://swarajshop.com/product/extravagant-red-green-pieces-bridal-set/","A bride deserves to dress up like a princess on her wedding day and we understand that perfectly. This bridal set will help you steal the limelight, exclusively designed with shimmering beads and sparkly diamant","","08/06/2014","08/06/2014","Simple Product","Catalog &#038; Search","No","No","No","12550","","","","","","","","","","","","Bridal Sets|Jewellery","","http://swarajshop.com/wp-content/uploads/2014/06/TBS12_MAIN1.jpg",,"Taxable","","","","","Standard","Yes","1","In Stock","No","No","","","","","","Publish","Open","0",,,
"","","28265","TBS11","Exquisite Maroon and Gold Eight Pieces Bridal Set","exquisite-maroon-gold-pieces-bridal-set","http://swarajshop.com/product/exquisite-maroon-gold-pieces-bridal-set/","A bride deserves to dress up like a princess on her wedding day and we understand that perfectly. This bridal set will help you steal the limelight, exclusively designed with shimmering beads and sparkly diamant","","08/06/2014","08/06/2014","Simple Product","Catalog &#038; Search","No","No","No","12550","","","","","","","","","","","","Bridal Sets|Jewellery","","http://swarajshop.com/wp-content/uploads/2014/06/TBS11_MAIN1.jpg","28267","Taxable","","","","","Standard","Yes","1","In Stock","No","No","","","","","","Publish","Open","0",,,
"","","28263","TBS10","Extravagant Red and Green Ten Pieces Bridal Set","extravagant-red-green-ten-pieces-bridal-set","http://swarajshop.com/?post_type=product&#038;p=28263","A bride deserves to dress up like a princess on her wedding day and we understand that perfectly. This bridal set will help you steal the limelight, exclusively designed with shimmering beads and sparkly diamant","","08/06/2014","11/06/2014","Simple Product","Catalog &#038; Search","No","No","No","17995","","","","","","","","","","","","Bridal Sets|Jewellery","","",,"Taxable","","","","","Standard","Yes","1","In Stock","No","No","","","","","","pending","Open","0",,,
"","","28259","TBS9","Maharani Green and Red Kundan Ten Pieces Bridal Set","maharani-green-red-kundan-ten-pieces-bridal-set","http://swarajshop.com/product/maharani-green-red-kundan-ten-pieces-bridal-set/","A bride deserves to dress up like a princess on her wedding day and we understand that perfectly. This bridal set will help you steal the limelight, exclusively designed with shimmering beads and sparkly diamant","","08/06/2014","08/06/2014","Simple Product","Catalog &#038; Search","No","No","No","17995","","","","","","","","","","","","Bridal Sets|Jewellery","","http://swarajshop.com/wp-content/uploads/2014/06/TBS9_main5.jpg","28324|28325","Taxable","","","","","Standard","Yes","1","In Stock","No","No","","","","","","Publish","Open","0",,,
"","","28257","TBS8","Exquisite Blue and Pink Eight Pieces Bridal Set","exquisite-blue-pink-pieces-bridal-set","http://swarajshop.com/product/exquisite-blue-pink-pieces-bridal-set/","A bride deserves to dress up like a princess on her wedding day and we understand that perfectly. This bridal set will help you steal the limelight, exclusively designed with shimmering beads and sparkly diamant","","08/06/2014","08/06/2014","Simple Product","Catalog &#038; Search","No","No","No","12550","","","","","","","","","","","","Bridal Sets|Jewellery","","http://swarajshop.com/wp-content/uploads/2014/06/TB8_front5.jpg",,"Taxable","","","","","Standard","Yes","1","In Stock","No","No","","","","","","Publish","Open","0",,,
"","","28255","TBS7","Floral Green and Purple Eight Pieces Bridal Set","floral-green-purple-pieces-bridal-set","http://swarajshop.com/product/floral-green-purple-pieces-bridal-set/","A bride deserves to dress up like a princess on her wedding day and we understand that perfectly. This bridal set will help you steal the limelight, exclusively designed with shimmering beads and sparkly diamant","","08/06/2014","08/06/2014","Simple Product","Catalog &#038; Search","No","No","No","12550","","","","","","","","","","","","Bridal Sets|Jewellery","","http://swarajshop.com/wp-content/uploads/2014/06/TB7_front5.jpg",,"Taxable","","","","","Standard","Yes","1","In Stock","No","No","","","","","","Publish","Open","0",,,
"","","28253","TBS6","Sparkling Red and Silver Eight Pieces Bridal Set","sparkling-red-silver-pieces-bridal-set","http://swarajshop.com/product/sparkling-red-silver-pieces-bridal-set/","A bride deserves to dress up like a princess on her wedding day and we understand that perfectly. This bridal set will help you steal the limelight, exclusively designed with shimmering beads and sparkly diamant","","08/06/2014","08/06/2014","Simple Product","Catalog &#038; Search","No","No","No","11550","","","","","","","","","","","","Bridal Sets|Jewellery","","http://swarajshop.com/wp-content/uploads/2014/06/TB6_front5.jpg",,"Taxable","","","","","Standard","Yes","1","In Stock","No","No","","","","","","Publish","Open","0",,,
"","","28252","TBS5","Stunning Red Green Diamant","stunning-red-green-diamant-bridal-set","http://swarajshop.com/?post_type=product&#038;p=28252","A bride deserves to dress up like a princess on her wedding day and we understand that perfectly. This bridal set will help you steal the limelight, exclusively designed with shimmering beads and sparkly diamant","","08/06/2014","11/06/2014","Simple Product","Catalog &#038; Search","No","No","No","9550","","","","","","","","","","","","Bridal Sets|Jewellery","","",,"Taxable","","","","","Standard","Yes","1","In Stock","No","No","","","","","","pending","Open","0",,,
"","","28249","TBS4","Gold Red Classic Bridal Set","gold-red-classic-bridal-set","http://swarajshop.com/product/gold-red-classic-bridal-set/","A bride deserves to dress up like a princess on her wedding day and we understand that perfectly. This bridal set will help you steal the limelight, exclusively designed with shimmering beads and sparkly diamant","","08/06/2014","08/06/2014","Simple Product","Catalog &#038; Search","No","No","No","8895","","","","","","","","","","","","Bridal Sets|Jewellery","","http://swarajshop.com/wp-content/uploads/2014/06/TBS4_full5.jpg","28319","Taxable","","","","","Standard","Yes","1","In Stock","No","No","","","","","","Publish","Open","0",,,
"","","28247","TBS3","Red and gold Eight piece Bridal set","red-gold-piece-bridal-set","http://swarajshop.com/product/red-gold-piece-bridal-set/","A bride deserves to dress up like a princess on her wedding day and we understand that perfectly. This bridal set will help you steal the limelight, exclusively designed with shimmering beads and sparkly diamant","","08/06/2014","08/06/2014","Simple Product","Catalog &#038; Search","No","No","No","8895","","","","","","","","","","","","Bridal Sets|Jewellery","","http://swarajshop.com/wp-content/uploads/2014/06/TBS3_MAIN_LR5.jpg",,"Taxable","","","","","Standard","Yes","1","In Stock","No","No","","","","","","Publish","Open","0",,,
"","","28245","TBS2","Dazzling Stone Studded Maroon Bridal Set","dazzling-stone-studded-maroon-bridal-set","http://swarajshop.com/product/dazzling-stone-studded-maroon-bridal-set/","A bride deserves to dress up like a princess on her wedding day and we understand that perfectly. This bridal set will help you steal the limelight, exclusively designed with shimmering beads and sparkly diamant","","08/06/2014","08/06/2014","Simple Product","Catalog &#038; Search","No","No","No","8895","","","","","","","","","","","","Bridal Sets|Jewellery","","http://swarajshop.com/wp-content/uploads/2014/06/TBS2_FULL5.jpg",,"Taxable","","","","","Standard","Yes","1","In Stock","No","No","","","","","","Publish","Open","0",,,
"","","26930","JEPRALHAD0001009","Wedding Bridal Necklace Set","wedding-bridal-necklace-set","http://swarajshop.com/product/wedding-bridal-necklace-set/","Wedding Bridal Necklace Set.This beautiful Necklace is handcrafted in copper alloy with imitation Pearls and Polki of very fine quality and semi precious stones.These Necklace are coated with 18 kt white gold polish which give them a unique look . An absolutely stunning piece to own and are very light in weight.

At Swarajshop, we are passionate and committed to challenging the way jewellery is designed, acquired and adorned. We stand for jewelry that is elegant, contemporary and exquisite &#038; are known for our quality service and reliability.

Our Products :- (Diamond/Copper/Brass) Necklaces, Pendant Sets,Earrings, Rings, Anklets, Bangles&#038; Bracelets,

Safe Packaging: We send this precious piece to you in a plastic case to keep it safe during dispatch and later at your end too.

(The actual products may look different in color, texture, and size from the digital images. Zoom images may take time to display.)

We are a manufacturing, supplying and exporting an alluring range of Imitation Jewellery which includes Fashion Jewellery or Antique Jewellery And Artificial Jewellery .Our range is in great demand among our national &#038; international clients for its superannuated look, beautiful designs, elegance and quality. These are competitively prices and are packed in quality packaging material to deliver it safely to the clients.","","01/06/2014","04/06/2014","Simple Product","Catalog &#038; Search","No","No","No","6000","","","","","","","","","","","","Bridal Sets|Jewellery","","http://swarajshop.com/wp-content/uploads/2014/06/JEPRALHAD0001009.jpg",,"Taxable","","","","","Standard","Yes","1","In Stock","No","No","","","","","","Publish","Open","0",,,
"","","19352","JEPRALHAD00192","Cute Bridal Necklace Necklace Set","cute-bridal-necklace-necklace-set","http://swarajshop.com/product/cute-bridal-necklace-necklace-set/","Cute Bridal Necklace Necklace Set.This beautiful Necklace is  handcrafted in copper alloy with imitation Pearls and Polki of very fine quality and semi precious stones B2 These Necklace are coated with 18 kt white gold polish which give them a unique look . An absolutely stunning piece to own and are very light in weight. 
At Swarajshop, we are passionate and committed to challenging the way jewellery is designed, acquired and adorned. We stand for jewelry that is elegant, contemporary and exquisite &#038; are known for our quality service and reliability. 
Our Products :- (Diamond/Copper/Brass) Necklaces, Pendant Sets,Earrings, Rings, Anklets, Bangles&#038; Bracelets,
Safe Packaging: We send this precious piece to you in a plastic case to keep it safe during dispatch and later at your end too.
(The actual products may look different in color, texture, and size from the digital images. Zoom images may take time to display.)
We are a manufacturing, supplying and exporting an alluring range of Imitation Jewellery which includes Fashion Jewellery or Antique Jewellery And Artificial Jewellery .Our range is in great demand among our national &#038; international clients for its superannuated look, beautiful designs, elegance and quality. These are competitively prices and are packed in quality packaging material to deliver it safely to the clients.","Cute Bridal Necklace Necklace Set","08/03/2014","02/06/2014","Simple Product","Catalog &#038; Search","No","No","No","2565","","","","","","","","","","","","Bridal Sets|Jewellery>Necklace","","http://swarajshop.com/wp-content/uploads/2014/04/JEPRALHAD001927.jpg",,"Taxable","","","","","Standard","Yes","1","In Stock","No","No","","","","","","Publish","Open","0",,,
"","","19350","JEPRALHAD00191","Maroon Color Bridal Necklace Set","maroon-color-bridal-necklace-set","http://swarajshop.com/product/maroon-color-bridal-necklace-set/","Maroon Color Bridal Necklace Set.This beautiful Necklace is  handcrafted in copper alloy with imitation Pearls and Polki of very fine quality and semi precious stones B2 These Necklace are coated with 18 kt white gold polish which give them a unique look . An absolutely stunning piece to own and are very light in weight. 
At Swarajshop, we are passionate and committed to challenging the way jewellery is designed, acquired and adorned. We stand for jewelry that is elegant, contemporary and exquisite &#038; are known for our quality service and reliability. 
Our Products :- (Diamond/Copper/Brass) Necklaces, Pendant Sets,Earrings, Rings, Anklets, Bangles&#038; Bracelets,
Safe Packaging: We send this precious piece to you in a plastic case to keep it safe during dispatch and later at your end too.
(The actual products may look different in color, texture, and size from the digital images. Zoom images may take time to display.)
We are a manufacturing, supplying and exporting an alluring range of Imitation Jewellery which includes Fashion Jewellery or Antique Jewellery And Artificial Jewellery .Our range is in great demand among our national &#038; international clients for its superannuated look, beautiful designs, elegance and quality. These are competitively prices and are packed in quality packaging material to deliver it safely to the clients.","Maroon Color Bridal Necklace Set","08/03/2014","02/06/2014","Simple Product","Catalog &#038; Search","No","No","No","2565","","","","","","","","","","","","Bridal Sets|Jewellery>Necklace","","http://swarajshop.com/wp-content/uploads/2014/04/JEPRALHAD001917.jpg",,"Taxable","","","","","Standard","Yes","1","In Stock","No","No","","","","","","Publish","Open","0",,,
"","","19217","JEPRALHAD00173","pretty Swarajshop Necklace","pretty-swarajshop-bangles","http://swarajshop.com/product/pretty-swarajshop-bangles/","This beautiful Bangles is handcrafted in copper alloy with imitation Pearls and Polki of very fine quality and semi precious stones . These Bangles are coated with 18 kt white gold polish which give them a unique look . An absolutely stunning piece to own and are very light in weight.



At Swarajshop, we are passionate and committed to challenging the way jewellery is designed, acquired and adorned. We stand for jewelry that is elegant, contemporary and exquisite &#038; are known for our quality service and reliability.

Our Products :- (Diamond/Copper/Brass) Necklaces, Pendant Sets,Earrings, Rings, Anklets, Bangles&#038; Bracelets,

Safe Packaging: We send this precious piece to you in a plastic case to keep it safe during dispatch and later at your end too.

(The actual products may look different in color, texture, and size from the digital images. Zoom images may take time to display.)

We are a manufacturing, supplying and exporting an alluring range of Imitation Jewellery which includes Fashion Jewellery or Antique Jewellery And Artificial Jewellery .Our range is in great demand among our national &#038; international clients for its superannuated look, beautiful designs, elegance and quality. These are competitively prices and are packed in quality packaging material to deliver it safely to the clients.","pretty Swarajshop Necklace By Swarajshop","03/03/2014","21/06/2014","Simple Product","Catalog &#038; Search","No","No","No","1802","","","","","","","","","","","","Bridal Sets|Jewellery>Necklace","artificial jewellery online","http://swarajshop.com/wp-content/uploads/2014/04/JEPRALHAD001732.jpg",,"Taxable","","","","","Standard","Yes","1","In Stock","No","No","","","","","","Publish","Open","0",,,
"","","19209","JEPRALHAD00169","Luscious Swarajshop Necklace","luscious-swarajshop-necklace","http://swarajshop.com/product/luscious-swarajshop-necklace/","This beautiful Necklace is handcrafted in copper alloy with imitation Pearls and Polki of very fine quality and semi precious stones . These Necklace are coated with 18 kt white gold polish which give them a unique look . An absolutely stunning piece to own and are very light in weight.

At Swarajshop, we are passionate and committed to challenging the way jewellery is designed, acquired and adorned. We stand for jewelry that is elegant, contemporary and exquisite &#038; are known for our quality service and reliability.

Our Products :- (Diamond/Copper/Brass) Necklaces, Pendant Sets,Earrings, Rings, Anklets, Bangles&#038; Bracelets,

Safe Packaging: We send this precious piece to you in a plastic case to keep it safe during dispatch and later at your end too.

(The actual products may look different in color, texture, and size from the digital images. Zoom images may take time to display.)

We are a manufacturing, supplying and exporting an alluring range of Imitation Jewellery which includes Fashion Jewellery or Antique Jewellery And Artificial Jewellery .Our range is in great demand among our national &#038; international clients for its superannuated look, beautiful designs, elegance and quality. These are competitively prices and are packed in quality packaging material to deliver it safely to the clients.","Luscious Swarajshop NecklaceBy Swarajshop","03/03/2014","21/06/2014","Simple Product","Catalog &#038; Search","No","No","No","2160","","","","","","","","","","","","Bridal Sets|Jewellery>Necklace","artificial jewellery online|jewellery design","http://swarajshop.com/wp-content/uploads/2014/04/JEPRALHAD001692.jpg",,"Taxable","","","","","Standard","Yes","1","In Stock","No","No","","","","","","Publish","Open","0",,,
"","","19207","JEPRALHAD00168","shapely Swarajshop Necklace","shapely-swarajshop-necklace","http://swarajshop.com/product/shapely-swarajshop-necklace/","This beautiful Necklace is handcrafted in copper alloy with imitation Pearls and Polki of very fine quality and semi precious stones . These Necklace are coated with 18 kt white gold polish which give them a unique look . An absolutely stunning piece to own and are very light in weight.



At Swarajshop, we are passionate and committed to challenging the way jewellery is designed, acquired and adorned. We stand for jewelry that is elegant, contemporary and exquisite &#038; are known for our quality service and reliability.

Our Products :- (Diamond/Copper/Brass) Necklaces, Pendant Sets,Earrings, Rings, Anklets, Bangles&#038; Bracelets,

Safe Packaging: We send this precious piece to you in a plastic case to keep it safe during dispatch and later at your end too.

(The actual products may look different in color, texture, and size from the digital images. Zoom images may take time to display.)

We are a manufacturing, supplying and exporting an alluring range of Imitation Jewellery which includes Fashion Jewellery or Antique Jewellery And Artificial Jewellery .Our range is in great demand among our national &#038; international clients for its superannuated look, beautiful designs, elegance and quality. These are competitively prices and are packed in quality packaging material to deliver it safely to the clients.","shapely Swarajshop NecklaceBy Swarajshop","03/03/2014","02/06/2014","Simple Product","Catalog &#038; Search","No","No","No","1802","","","","","","","","","","","","Bridal Sets|Jewellery>Necklace","","http://swarajshop.com/wp-content/uploads/2014/04/JEPRALHAD001682.jpg",,"Taxable","","","","","Standard","Yes","1","In Stock","No","No","","","","","","Publish","Open","0",,,
"","","19205","JEPRALHAD00167","classic Swarajshop Necklace","classic-swarajshop-necklace","http://swarajshop.com/product/classic-swarajshop-necklace/","This beautiful Necklace is  handcrafted in copper alloy with imitation Pearls and Polki of very fine quality and semi precious stones . These Necklace are coated with 18 kt white gold polish which give them a unique look . An absolutely stunning piece to own and are very light in weight. 
At Swarajshop, we are passionate and committed to challenging the way jewellery is designed, acquired and adorned. We stand for jewelry that is elegant, contemporary and exquisite &#038; are known for our quality service and reliability. 
Our Products :- (Diamond/Copper/Brass) Necklaces, Pendant Sets,Earrings, Rings, Anklets, Bangles&#038; Bracelets,
Safe Packaging: We send this precious piece to you in a plastic case to keep it safe during dispatch and later at your end too.
(The actual products may look different in color, texture, and size from the digital images. Zoom images may take time to display.)
We are a manufacturing, supplying and exporting an alluring range of Imitation Jewellery which includes Fashion Jewellery or Antique Jewellery And Artificial Jewellery .Our range is in great demand among our national &#038; international clients for its superannuated look, beautiful designs, elegance and quality. These are competitively prices and are packed in quality packaging material to deliver it safely to the clients.","classic Swarajshop NecklaceBy Swarajshop","03/03/2014","02/06/2014","Simple Product","Catalog &#038; Search","No","No","No","6953","","","","","","","","","","","","Bridal Sets|Jewellery>Necklace","","http://swarajshop.com/wp-content/uploads/2014/04/JEPRALHAD001672.jpg",,"Taxable","","","","","Standard","Yes","1","In Stock","No","No","","","","","","Publish","Open","0",,,
"","","19195","JEPRALHAD00161","sparkling Swarajshop Necklace","sparkling-swarajshop-necklace","http://swarajshop.com/product/sparkling-swarajshop-necklace/","This beautiful Necklace is  handcrafted in copper alloy with imitation Pearls and Polki of very fine quality and semi precious stones . These Necklace are coated with 18 kt white gold polish which give them a unique look . An absolutely stunning piece to own and are very light in weight. 
At Swarajshop, we are passionate and committed to challenging the way jewellery is designed, acquired and adorned. We stand for jewelry that is elegant, contemporary and exquisite &#038; are known for our quality service and reliability. 
Our Products :- (Diamond/Copper/Brass) Necklaces, Pendant Sets,Earrings, Rings, Anklets, Bangles&#038; Bracelets,
Safe Packaging: We send this precious piece to you in a plastic case to keep it safe during dispatch and later at your end too.
(The actual products may look different in color, texture, and size from the digital images. Zoom images may take time to display.)
We are a manufacturing, supplying and exporting an alluring range of Imitation Jewellery which includes Fashion Jewellery or Antique Jewellery And Artificial Jewellery .Our range is in great demand among our national &#038; international clients for its superannuated look, beautiful designs, elegance and quality. These are competitively prices and are packed in quality packaging material to deliver it safely to the clients.","sparkling Swarajshop NecklaceBy Swarajshop","03/03/2014","21/06/2014","Simple Product","Catalog &#038; Search","No","No","No","6953","","","","","","","","","","","","Bridal Sets|Jewellery>Necklace","artificial jewellery online","http://swarajshop.com/wp-content/uploads/2014/04/JEPRALHAD001612.jpg",,"Taxable","","","","","Standard","Yes","1","In Stock","No","No","","","","","","Publish","Open","0",,,
"","","19193","JEPRALHAD00160","delicious Swarajshop Necklace","delicious-swarajshop-necklace","http://swarajshop.com/product/delicious-swarajshop-necklace/","This beautiful Necklace is  handcrafted in copper alloy with imitation Pearls and Polki of very fine quality and semi precious stones . These Necklace are coated with 18 kt white gold polish which give them a unique look . An absolutely stunning piece to own and are very light in weight. 
At Swarajshop, we are passionate and committed to challenging the way jewellery is designed, acquired and adorned. We stand for jewelry that is elegant, contemporary and exquisite &#038; are known for our quality service and reliability. 
Our Products :- (Diamond/Copper/Brass) Necklaces, Pendant Sets,Earrings, Rings, Anklets, Bangles&#038; Bracelets,
Safe Packaging: We send this precious piece to you in a plastic case to keep it safe during dispatch and later at your end too.
(The actual products may look different in color, texture, and size from the digital images. Zoom images may take time to display.)
We are a manufacturing, supplying and exporting an alluring range of Imitation Jewellery which includes Fashion Jewellery or Antique Jewellery And Artificial Jewellery .Our range is in great demand among our national &#038; international clients for its superannuated look, beautiful designs, elegance and quality. These are competitively prices and are packed in quality packaging material to deliver it safely to the clients.","delicious Swarajshop NecklaceBy Swarajshop","03/03/2014","21/06/2014","Simple Product","Catalog &#038; Search","No","No","No","1802","","","","","","","","","","","","Bridal Sets|Jewellery>Necklace","artificial jewellery online","http://swarajshop.com/wp-content/uploads/2014/04/JEPRALHAD001602.jpg",,"Taxable","","","","","Standard","Yes","1","In Stock","No","No","","","","","","Publish","Open","0",,,
"","","19191","JEPRALHAD00159","charming Swarajshop Necklace","charming-swarajshop-necklace","http://swarajshop.com/product/charming-swarajshop-necklace/","This beautiful Necklace is  handcrafted in copper alloy with imitation Pearls and Polki of very fine quality and semi precious stones . These Necklace are coated with 18 kt white gold polish which give them a unique look . An absolutely stunning piece to own and are very light in weight. 
At Swarajshop, we are passionate and committed to challenging the way jewellery is designed, acquired and adorned. We stand for jewelry that is elegant, contemporary and exquisite &#038; are known for our quality service and reliability. 
Our Products :- (Diamond/Copper/Brass) Necklaces, Pendant Sets,Earrings, Rings, Anklets, Bangles&#038; Bracelets,
Safe Packaging: We send this precious piece to you in a plastic case to keep it safe during dispatch and later at your end too.
(The actual products may look different in color, texture, and size from the digital images. Zoom images may take time to display.)
We are a manufacturing, supplying and exporting an alluring range of Imitation Jewellery which includes Fashion Jewellery or Antique Jewellery And Artificial Jewellery .Our range is in great demand among our national &#038; international clients for its superannuated look, beautiful designs, elegance and quality. These are competitively prices and are packed in quality packaging material to deliver it safely to the clients.","charming Swarajshop NecklaceBy Swarajshop","03/03/2014","21/06/2014","Simple Product","Catalog &#038; Search","No","No","No","1802","","","","","","","","","","","","Bridal Sets|Jewellery>Necklace","artificial jewellery online|jewellery design","http://swarajshop.com/wp-content/uploads/2014/04/JEPRALHAD001592.jpg",,"Taxable","","","","","Standard","Yes","1","In Stock","No","No","","","","","","Publish","Open","0",,,
"","","19189","JEPRALHAD00158","precious Swarajshop Necklace","precious-swarajshop-necklace","http://swarajshop.com/product/precious-swarajshop-necklace/","This beautiful Necklace is  handcrafted in copper alloy with imitation Pearls and Polki of very fine quality and semi precious stones . These Necklace are coated with 18 kt white gold polish which give them a unique look . An absolutely stunning piece to own and are very light in weight. 
At Swarajshop, we are passionate and committed to challenging the way jewellery is designed, acquired and adorned. We stand for jewelry that is elegant, contemporary and exquisite &#038; are known for our quality service and reliability. 
Our Products :- (Diamond/Copper/Brass) Necklaces, Pendant Sets,Earrings, Rings, Anklets, Bangles&#038; Bracelets,
Safe Packaging: We send this precious piece to you in a plastic case to keep it safe during dispatch and later at your end too.
(The actual products may look different in color, texture, and size from the digital images. Zoom images may take time to display.)
We are a manufacturing, supplying and exporting an alluring range of Imitation Jewellery which includes Fashion Jewellery or Antique Jewellery And Artificial Jewellery .Our range is in great demand among our national &#038; international clients for its superannuated look, beautiful designs, elegance and quality. These are competitively prices and are packed in quality packaging material to deliver it safely to the clients.","precious Swarajshop NecklaceBy Swarajshop","03/03/2014","21/06/2014","Simple Product","Catalog &#038; Search","No","No","No","1802","","","","","","","","","","","","Bridal Sets|Jewellery>Necklace","artificial jewellery online shopping","http://swarajshop.com/wp-content/uploads/2014/04/JEPRALHAD001582.jpg",,"Taxable","","","","","Standard","Yes","1","In Stock","No","No","","","","","","Publish","Open","0",,,
"","","19187","JEPRALHAD00157","queenly Swarajshop Necklace","queenly-swarajshop-necklace","http://swarajshop.com/product/queenly-swarajshop-necklace/","This beautiful Necklace is  handcrafted in copper alloy with imitation Pearls and Polki of very fine quality and semi precious stones . These Necklace are coated with 18 kt white gold polish which give them a unique look . An absolutely stunning piece to own and are very light in weight. 
At Swarajshop, we are passionate and committed to challenging the way jewellery is designed, acquired and adorned. We stand for jewelry that is elegant, contemporary and exquisite &#038; are known for our quality service and reliability. 
Our Products :- (Diamond/Copper/Brass) Necklaces, Pendant Sets,Earrings, Rings, Anklets, Bangles&#038; Bracelets,
Safe Packaging: We send this precious piece to you in a plastic case to keep it safe during dispatch and later at your end too.
(The actual products may look different in color, texture, and size from the digital images. Zoom images may take time to display.)
We are a manufacturing, supplying and exporting an alluring range of Imitation Jewellery which includes Fashion Jewellery or Antique Jewellery And Artificial Jewellery .Our range is in great demand among our national &#038; international clients for its superannuated look, beautiful designs, elegance and quality. These are competitively prices and are packed in quality packaging material to deliver it safely to the clients.","queenly Swarajshop NecklaceBy Swarajshop","03/03/2014","21/06/2014","Simple Product","Catalog &#038; Search","No","No","No","2160","","","","","","","","","","","","Bridal Sets|Jewellery>Necklace","artificial jewellery online shopping","http://swarajshop.com/wp-content/uploads/2014/04/JEPRALHAD001572.jpg",,"Taxable","","","","","Standard","Yes","1","In Stock","No","No","","","","","","Publish","Open","0",,,
"","","19185","JEPRALHAD00156","luxurious Swarajshop Necklace","luxurious-swarajshop-necklace","http://swarajshop.com/product/luxurious-swarajshop-necklace/","This beautiful Necklace is handcrafted in copper alloy with imitation Pearls and Polki of very fine quality and semi precious stones . These Necklace are coated with 18 kt white gold polish which give them a unique look . An absolutely stunning piece to own and are very light in weight.

At Swarajshop, we are passionate and committed to challenging the way jewellery is designed, acquired and adorned. We stand for jewelry that is elegant, contemporary and exquisite &#038; are known for our quality service and reliability.

Our Products :- (Diamond/Copper/Brass) Necklaces, Pendant Sets,Earrings, Rings, Anklets, Bangles&#038; Bracelets,

Safe Packaging: We send this precious piece to you in a plastic case to keep it safe during dispatch and later at your end too.

(The actual products may look different in color, texture, and size from the digital images. Zoom images may take time to display.)

We are a manufacturing, supplying and exporting an alluring range of Imitation Jewellery which includes Fashion Jewellery or Antique Jewellery And Artificial Jewellery .Our range is in great demand among our national &#038; international clients for its superannuated look, beautiful designs, elegance and quality. These are competitively prices and are packed in quality packaging material to deliver it safely to the clients.","luxurious Swarajshop NecklaceBy Swarajshop","03/03/2014","21/06/2014","Simple Product","Catalog &#038; Search","No","No","No","2160","","","","","","","","","","","","Bridal Sets|Jewellery>Necklace","artificial jewellery online shopping","http://swarajshop.com/wp-content/uploads/2014/04/JEPRALHAD001562.jpg",,"Taxable","","","","","Standard","Yes","1","In Stock","No","No","","","","","","Publish","Open","0",,,
"","","19183","JEPRALHAD00155","Exquisite Swarajshop Necklace","exquisite-swarajshop-necklace","http://swarajshop.com/product/exquisite-swarajshop-necklace/","This beautiful Necklace is  handcrafted in copper alloy with imitation Pearls and Polki of very fine quality and semi precious stones . These Necklace are coated with 18 kt white gold polish which give them a unique look . An absolutely stunning piece to own and are very light in weight. 
At Swarajshop, we are passionate and committed to challenging the way jewellery is designed, acquired and adorned. We stand for jewelry that is elegant, contemporary and exquisite &#038; are known for our quality service and reliability. 
Our Products :- (Diamond/Copper/Brass) Necklaces, Pendant Sets,Earrings, Rings, Anklets, Bangles&#038; Bracelets,
Safe Packaging: We send this precious piece to you in a plastic case to keep it safe during dispatch and later at your end too.
(The actual products may look different in color, texture, and size from the digital images. Zoom images may take time to display.)
We are a manufacturing, supplying and exporting an alluring range of Imitation Jewellery which includes Fashion Jewellery or Antique Jewellery And Artificial Jewellery .Our range is in great demand among our national &#038; international clients for its superannuated look, beautiful designs, elegance and quality. These are competitively prices and are packed in quality packaging material to deliver it safely to the clients.","Exquisite Swarajshop NecklaceBy Swarajshop","03/03/2014","21/06/2014","Simple Product","Catalog &#038; Search","No","No","No","1802","","","","","","","","","","","","Bridal Sets|Jewellery>Necklace","artificial jewellery online shopping","http://swarajshop.com/wp-content/uploads/2014/04/JEPRALHAD001552.jpg",,"Taxable","","","","","Standard","Yes","1","In Stock","No","No","","","","","","Publish","Open","0",,,
"","","5501","JEPRALHAD00101","Handmade Designer Anklets","antique-designs-ankletsjepralhad00101","http://swarajshop.com/product/antique-designs-ankletsjepralhad00101/","Handmade Designer Anklets.Cute Designer Anklets.This beautiful Anklet is handcrafted in copper alloy with imitation Pearls and Polki of very fine quality and semi precious stones . These Anklet are coated with 18 kt white gold polish which give them a unique look . An absolutely stunning piece to own and are very light in weight. At Swarajshop, we are passionate and committed to challenging the way jewellery is designed, acquired and adorned. We stand for jewelry that is elegant, contemporary and exquisite &#038; are known for our quality service and reliability. Our Products :- (Diamond/Copper/Brass) Necklaces, Pendant Sets,Earrings, Rings, Anklets, Bangles&#038; Bracelets, Safe Packaging: We send this precious piece to you in a plastic case to keep it safe during dispatch and later at your end too. (The actual products may look different in color, texture, and size from the digital images. Zoom images may take time to display.) We are a manufacturing, supplying and exporting an alluring range of Imitation Jewellery which includes Fashion Jewellery or Antique Jewellery And Artificial Jewellery .Our range is in great demand among our national &#038; international clients for its superannuated look, beautiful designs, elegance and quality. These are competitively prices and are packed in quality packaging material to deliver it safely to the clients.","Antique Designs Anklets","12/02/2014","22/04/2014","Simple Product","Catalog &#038; Search","No","No","No","1661","1661","","","","","","","","","","","Jewellery>Anklets|Jewellery","","http://swarajshop.com/wp-content/uploads/2014/04/JEPRALHAD001012.jpg",,"Taxable","","","","","Standard","Yes","0","Out of Stock","No","No","","","","","","Publish","Open","0",,,
"","","5499","JEPRALHAD00100","Antique Gold Color Anklets","antique-designs-ankletsjepralhad00100","http://swarajshop.com/product/antique-designs-ankletsjepralhad00100/","Antique Gold Color Anklets.This beautiful Anklet is handcrafted in copper alloy with imitation Pearls and Polki of very fine quality and semi precious stones . These Anklet are coated with 18 kt white gold polish which give them a unique look . An absolutely stunning piece to own and are very light in weight. At Swarajshop, we are passionate and committed to challenging the way jewellery is designed, acquired and adorned. We stand for jewelry that is elegant, contemporary and exquisite &#038; are known for our quality service and reliability. Our Products :- (Diamond/Copper/Brass) Necklaces, Pendant Sets,Earrings, Rings, Anklets, Bangles&#038; Bracelets, Safe Packaging: We send this precious piece to you in a plastic case to keep it safe during dispatch and later at your end too. (The actual products may look different in color, texture, and size from the digital images. Zoom images may take time to display.) We are a manufacturing, supplying and exporting an alluring range of Imitation Jewellery which includes Fashion Jewellery or Antique Jewellery And Artificial Jewellery .Our range is in great demand among our national &#038; international clients for its superannuated look, beautiful designs, elegance and quality. These are competitively prices and are packed in quality packaging material to deliver it safely to the clients.","Antique Designs Anklets","12/02/2014","22/04/2014","Simple Product","Catalog &#038; Search","No","No","No","1661","1661","","","","","","","","","","","Jewellery>Anklets|Jewellery","","http://swarajshop.com/wp-content/uploads/2014/04/JEPRALHAD001002.jpg",,"Taxable","","","","","Standard","Yes","0","Out of Stock","No","No","","","","","","Publish","Open","0",,,
"","","5497","JEPRALHAD00099","Fashion Anklets","antique-designs-ankletsjepralhad00099","http://swarajshop.com/product/antique-designs-ankletsjepralhad00099/","This beautiful Anklet is handcrafted in copper alloy with imitation Pearls and Polki of very fine quality and semi precious stones . These Anklet are coated with 18 kt white gold polish which give them a unique look . An absolutely stunning piece to own and are very light in weight. At Swarajshop, we are passionate and committed to challenging the way jewellery is designed, acquired and adorned. We stand for jewelry that is elegant, contemporary and exquisite &#038; are known for our quality service and reliability. Our Products :- (Diamond/Copper/Brass) Necklaces, Pendant Sets,Earrings, Rings, Anklets, Bangles&#038; Bracelets, Safe Packaging: We send this precious piece to you in a plastic case to keep it safe during dispatch and later at your end too. (The actual products may look different in color, texture, and size from the digital images. Zoom images may take time to display.) We are a manufacturing, supplying and exporting an alluring range of Imitation Jewellery which includes Fashion Jewellery or Antique Jewellery And Artificial Jewellery .Our range is in great demand among our national &#038; international clients for its superannuated look, beautiful designs, elegance and quality. These are competitively prices and are packed in quality packaging material to deliver it safely to the clients.","Antique Designs Anklets","12/02/2014","22/04/2014","Simple Product","Catalog &#038; Search","No","No","No","1661","1661","","","","","","","","","","","Jewellery>Anklets|Jewellery","","http://swarajshop.com/wp-content/uploads/2014/04/JEPRALHAD000992.jpg",,"Taxable","","","","","Standard","Yes","0","Out of Stock","No","No","","","","","","Publish","Open","0",,,
"","","5494","JEPRALHAD00098","Antique Stone Designs Anklets","antique-designs-ankletsjepralhad00098","http://swarajshop.com/product/antique-designs-ankletsjepralhad00098/","Antique Stone Designs Anklets.This beautiful Anklet is handcrafted in copper alloy with imitation Pearls and Polki of very fine quality and semi precious stones . These Anklet are coated with 18 kt white gold polish which give them a unique look . An absolutely stunning piece to own and are very light in weight. At Swarajshop, we are passionate and committed to challenging the way jewellery is designed, acquired and adorned. We stand for jewelry that is elegant, contemporary and exquisite &#038; are known for our quality service and reliability. Our Products :- (Diamond/Copper/Brass) Necklaces, Pendant Sets,Earrings, Rings, Anklets, Bangles&#038; Bracelets, Safe Packaging: We send this precious piece to you in a plastic case to keep it safe during dispatch and later at your end too. (The actual products may look different in color, texture, and size from the digital images. Zoom images may take time to display.) We are a manufacturing, supplying and exporting an alluring range of Imitation Jewellery which includes Fashion Jewellery or Antique Jewellery And Artificial Jewellery .Our range is in great demand among our national &#038; international clients for its superannuated look, beautiful designs, elegance and quality. These are competitively prices and are packed in quality packaging material to deliver it safely to the clients.","Antique Designs Anklets","12/02/2014","22/04/2014","Simple Product","Catalog &#038; Search","No","No","No","1661","1661","","","","","","","","","","","Jewellery>Anklets|Jewellery","","http://swarajshop.com/wp-content/uploads/2014/04/JEPRALHAD000982.jpg",,"Taxable","","","","","Standard","Yes","0","Out of Stock","No","No","","","","","","Publish","Open","0",,,
"","","5492","JEPRALHAD00097","Gold Polished Anklets-Online women Anklets","antique-designs-ankletsjepralhad00097","http://swarajshop.com/product/antique-designs-ankletsjepralhad00097/","Gold Polished Anklets-Online women Anklets.This beautiful Anklet is handcrafted in copper alloy with imitation Pearls and Polki of very fine quality and semi precious stones . These Anklet are coated with 18 kt white gold polish which give them a unique look . An absolutely stunning piece to own shand are very light in weight. At Swarajshop, we are passionate and committed to challenging the way jewellery is designed, acquired and adorned. We stand for jewelry that is elegant, contemporary and exquisite &#038; are known for our quality service and reliability. Our Products :- (Diamond/Copper/Brass) Necklaces, Pendant Sets,Earrings, Rings, Anklets, Bangles&#038; Bracelets, Safe Packaging: We send this precious piece to you in a plastic case to keep it safe during dispatch and later at your end too. (The actual products may look different in color, texture, and size from the digital images. Zoom images may take time to display.) We are a manufacturing, supplying and exporting an alluring range of Imitation Jewellery which includes Fashion Jewellery or Antique Jewellery And Artificial Jewellery .Our range is in great demand among our national &#038; international clients for its superannuated look, beautiful designs, elegance and quality. These are competitively prices and are packed in quality packaging material to deliver it safely to the clients.","Antique Designs Anklets","12/02/2014","22/04/2014","Simple Product","Catalog &#038; Search","No","No","No","1661","1661","","","","","","","","","","","Jewellery>Anklets|Jewellery","","http://swarajshop.com/wp-content/uploads/2014/04/JEPRALHAD000972.jpg",,"Taxable","","","","","Standard","Yes","0","Out of Stock","No","No","","","","","","Publish","Open","0",,,
"","","5490","JEPRALHAD00096","Polki Gold Polish Anklets","antique-designs-ankletsjepralhad00096","http://swarajshop.com/product/antique-designs-ankletsjepralhad00096/","This beautiful Anklet is handcrafted in copper alloy with imitation Pearls and Polki of very fine quality and semi precious stones . These Anklet are coated with 18 kt white gold polish which give them a unique look . An absolutely stunning piece to own and are very light in weight. At Swarajshop, we are passionate and committed to challenging the way jewellery is designed, acquired and adorned. We stand for jewelry that is elegant, contemporary and exquisite &#038; are known for our quality service and reliability. Our Products :- (Diamond/Copper/Brass) Necklaces, Pendant Sets,Earrings, Rings, Anklets, Bangles&#038; Bracelets, Safe Packaging: We send this precious piece to you in a plastic case to keep it safe during dispatch and later at your end too. (The actual products may look different in color, texture, and size from the digital images. Zoom images may take time to display.) We are a manufacturing, supplying and exporting an alluring range of Imitation Jewellery which includes Fashion Jewellery or Antique Jewellery And Artificial Jewellery .Our range is in great demand among our national &#038; international clients for its superannuated look, beautiful designs, elegance and quality. These are competitively prices and are packed in quality packaging material to deliver it safely to the clients.","Antique Designs Anklets","12/02/2014","22/04/2014","Simple Product","Catalog &#038; Search","No","No","No","1661","1661","","","","","","","","","","","Jewellery>Anklets|Jewellery","","http://swarajshop.com/wp-content/uploads/2014/04/JEPRALHAD000962.jpg",,"Taxable","","","","","Standard","Yes","0","Out of Stock","No","No","","","","","","Publish","Open","0",,,
"","","5489","JEPRALHAD00094","Handicrafts Antique Designs Anklets","antique-designs-ankletsjepralhad00094","http://swarajshop.com/product/antique-designs-ankletsjepralhad00094/","Handicrafts Antique Designs Anklets.This beautiful Anklet is handcrafted in copper alloy with imitation Pearls and Polki of very fine quality and semi precious stones . These Anklet are coated with 18 kt white gold polish which give them a unique look . An absolutely stunning piece to own and are very light in weight. At Swarajshop, we are passionate and committed to challenging the way jewellery is designed, acquired and adorned. We stand for jewelry that is elegant, contemporary and exquisite &#038; are known for our quality service and reliability. Our Products :- (Diamond/Copper/Brass) Necklaces, Pendant Sets,Earrings, Rings, Anklets, Bangles&#038; Bracelets, Safe Packaging: We send this precious piece to you in a plastic case to keep it safe during dispatch and later at your end too. (The actual products may look different in color, texture, and size from the digital images. Zoom images may take time to display.) We are a manufacturing, supplying and exporting an alluring range of Imitation Jewellery which includes Fashion Jewellery or Antique Jewellery And Artificial Jewellery .Our range is in great demand among our national &#038; international clients for its superannuated look, beautiful designs, elegance and quality. These are competitively prices and are packed in quality packaging material to deliver it safely to the clients.","Antique Designs Anklets","12/02/2014","22/04/2014","Simple Product","Catalog &#038; Search","No","No","No","1661","1661","","","","","","","","","","","Jewellery>Anklets|Jewellery","","http://swarajshop.com/wp-content/uploads/2014/04/JEPRALHAD000942.jpg",,"Taxable","","","","","Standard","Yes","0","Out of Stock","No","No","","","","","","Publish","Open","0",,,
"","","5437","JEPRALHAD00051","Beautiful handcrafted Anklets","beautiful-anklets-jepralhad00051","http://swarajshop.com/product/beautiful-anklets-jepralhad00051/","This beautiful Earring is handcrafted in copper alloy with imitation Pearls and Polki of very fine quality and semi precious stones . These Earrings are coated with 18 kt white gold polish which give them a unique look . An absolutely stunning piece to own and are very light in weight. At Swarajshop, we are passionate and committed to challenging the way jewellery is designed, acquired and adorned. We stand for jewelry that is elegant, contemporary and exquisite &#038; are known for our quality service and reliability. Our Products :- (Diamond/Copper/Brass) Necklaces, Pendant Sets,Earrings, Rings, Anklets, Bangles&#038; Bracelets, Safe Packaging: We send this precious piece to you in a plastic case to keep it safe during dispatch and later at your end too. (The actual products may look different in color, texture, and size from the digital images. Zoom images may take time to display.) We are a manufacturing, supplying and exporting an alluring range of Imitation Jewellery which includes Fashion Jewellery or Antique Jewellery And Artificial Jewellery .Our range is in great demand among our national &#038; international clients for its superannuated look, beautiful designs, elegance and quality. These are competitively prices and are packed in quality packaging material to deliver it safely to the clients.","Beautiful Anklets","12/02/2014","22/04/2014","Simple Product","Catalog &#038; Search","No","No","No","1755","1755","","","","","","","","","","","Jewellery>Anklets|Jewellery","","http://swarajshop.com/wp-content/uploads/2014/04/JEPRALHAD000512.jpg",,"Taxable","","","","","Standard","Yes","0","Out of Stock","No","No","","","","","","Publish","Open","0",,,
"","","5435","JEPRALHAD00050","Beautiful Anklets","beautiful-anklets-jepralhad00050","http://swarajshop.com/product/beautiful-anklets-jepralhad00050/","This beautiful Earring is handcrafted in copper alloy with imitation Pearls and Polki of very fine quality and semi precious stones . These Earrings are coated with 18 kt white gold polish which give them a unique look . An absolutely stunning piece to own and are very light in weight. At Swarajshop, we are passionate and committed to challenging the way jewellery is designed, acquired and adorned. We stand for jewelry that is elegant, contemporary and exquisite &#038; are known for our quality service and reliability. Our Products :- (Diamond/Copper/Brass) Necklaces, Pendant Sets,Earrings, Rings, Anklets, Bangles&#038; Bracelets, Safe Packaging: We send this precious piece to you in a plastic case to keep it safe during dispatch and later at your end too. (The actual products may look different in color, texture, and size from the digital images. Zoom images may take time to display.) We are a manufacturing, supplying and exporting an alluring range of Imitation Jewellery which includes Fashion Jewellery or Antique Jewellery And Artificial Jewellery .Our range is in great demand among our national &#038; international clients for its superannuated look, beautiful designs, elegance and quality. These are competitively prices and are packed in quality packaging material to deliver it safely to the clients.","Beautiful Anklets","12/02/2014","22/04/2014","Simple Product","Catalog &#038; Search","No","No","No","1755","1755","","","","","","","","","","","Jewellery>Anklets|Jewellery","","http://swarajshop.com/wp-content/uploads/2014/04/JEPRALHAD000502.jpg",,"Taxable","","","","","Standard","Yes","0","Out of Stock","No","No","","","","","","Publish","Open","0",,,
"","","5434","JEPRALHAD00049","Charm Anklets","beautiful-anklets-jepralhad00049","http://swarajshop.com/product/beautiful-anklets-jepralhad00049/","This beautiful Earring is handcrafted in copper alloy with imitation Pearls and Polki of very fine quality and semi precious stones . These Earrings are coated with 18 kt white gold polish which give them a unique look . An absolutely stunning piece to own and are very light in weight. At Swarajshop, we are passionate and committed to challenging the way jewellery is designed, acquired and adorned. We stand for jewelry that is elegant, contemporary and exquisite &#038; are known for our quality service and reliability. Our Products :- (Diamond/Copper/Brass) Necklaces, Pendant Sets,Earrings, Rings, Anklets, Bangles&#038; Bracelets, Safe Packaging: We send this precious piece to you in a plastic case to keep it safe during dispatch and later at your end too. (The actual products may look different in color, texture, and size from the digital images. Zoom images may take time to display.) We are a manufacturing, supplying and exporting an alluring range of Imitation Jewellery which includes Fashion Jewellery or Antique Jewellery And Artificial Jewellery .Our range is in great demand among our national &#038; international clients for its superannuated look, beautiful designs, elegance and quality. These are competitively prices and are packed in quality packaging material to deliver it safely to the clients.","Beautiful Anklets","12/02/2014","22/04/2014","Simple Product","Catalog &#038; Search","No","No","No","1755","1755","","","","","","","","","","","Jewellery>Anklets|Jewellery","","http://swarajshop.com/wp-content/uploads/2014/04/JEPRALHAD000492.jpg",,"Taxable","","","","","Standard","Yes","0","Out of Stock","No","No","","","","","","Publish","Open","0",,,
"","","5433","JEPRALHAD00048","Swarajshop  Anklets","beautiful-anklets-jepralhad00048","http://swarajshop.com/product/beautiful-anklets-jepralhad00048/","This beautiful Earring is handcrafted in copper alloy with imitation Pearls and Polki of very fine quality and semi precious stones . These Earrings are coated with 18 kt white gold polish which give them a unique look . An absolutely stunning piece to own and are very light in weight. At Swarajshop, we are passionate and committed to challenging the way jewellery is designed, acquired and adorned. We stand for jewelry that is elegant, contemporary and exquisite &#038; are known for our quality service and reliability. Our Products :- (Diamond/Copper/Brass) Necklaces, Pendant Sets,Earrings, Rings, Anklets, Bangles&#038; Bracelets, Safe Packaging: We send this precious piece to you in a plastic case to keep it safe during dispatch and later at your end too. (The actual products may look different in color, texture, and size from the digital images. Zoom images may take time to display.) We are a manufacturing, supplying and exporting an alluring range of Imitation Jewellery which includes Fashion Jewellery or Antique Jewellery And Artificial Jewellery .Our range is in great demand among our national &#038; international clients for its superannuated look, beautiful designs, elegance and quality. These are competitively prices and are packed in quality packaging material to deliver it safely to the clients.","Beautiful Anklets","12/02/2014","22/04/2014","Simple Product","Catalog &#038; Search","No","No","No","2295","2295","","","","","","","","","","","Jewellery>Anklets|Jewellery","","http://swarajshop.com/wp-content/uploads/2014/04/JEPRALHAD000482.jpg",,"Taxable","","","","","Standard","Yes","0","Out of Stock","No","No","","","","","","Publish","Open","0",,,
"","","5432","JEPRALHAD00047","Lovely  Anklets","beautiful-anklets-jepralhad00047","http://swarajshop.com/product/beautiful-anklets-jepralhad00047/","This beautiful Earring is handcrafted in copper alloy with imitation Pearls and Polki of very fine quality and semi precious stones . These Earrings are coated with 18 kt white gold polish which give them a unique look . An absolutely stunning piece to own and are very light in weight. At Swarajshop, we are passionate and committed to challenging the way jewellery is designed, acquired and adorned. We stand for jewelry that is elegant, contemporary and exquisite &#038; are known for our quality service and reliability. Our Products :- (Diamond/Copper/Brass) Necklaces, Pendant Sets,Earrings, Rings, Anklets, Bangles&#038; Bracelets, Safe Packaging: We send this precious piece to you in a plastic case to keep it safe during dispatch and later at your end too. (The actual products may look different in color, texture, and size from the digital images. Zoom images may take time to display.) We are a manufacturing, supplying and exporting an alluring range of Imitation Jewellery which includes Fashion Jewellery or Antique Jewellery And Artificial Jewellery .Our range is in great demand among our national &#038; international clients for its superannuated look, beautiful designs, elegance and quality. These are competitively prices and are packed in quality packaging material to deliver it safely to the clients.","Beautiful Anklets","12/02/2014","22/04/2014","Simple Product","Catalog &#038; Search","No","No","No","2299","2299","","","","","","","","","","","Jewellery>Anklets|Jewellery","","http://swarajshop.com/wp-content/uploads/2014/04/JEPRALHAD000472.jpg",,"Taxable","","","","","Standard","Yes","0","Out of Stock","No","No","","","","","","Publish","Open","0",,,
"","","5431","JEPRALHAD00046","Beautiful Anklets JEPRALHAD00046","beautiful-anklets-jepralhad00046","http://swarajshop.com/product/beautiful-anklets-jepralhad00046/","This beautiful Earring is handcrafted in copper alloy with imitation Pearls and Polki of very fine quality and semi precious stones . These Earrings are coated with 18 kt white gold polish which give them a unique look . An absolutely stunning piece to own and are very light in weight. At Swarajshop, we are passionate and committed to challenging the way jewellery is designed, acquired and adorned. We stand for jewelry that is elegant, contemporary and exquisite &#038; are known for our quality service and reliability. Our Products :- (Diamond/Copper/Brass) Necklaces, Pendant Sets,Earrings, Rings, Anklets, Bangles&#038; Bracelets, Safe Packaging: We send this precious piece to you in a plastic case to keep it safe during dispatch and later at your end too. (The actual products may look different in color, texture, and size from the digital images. Zoom images may take time to display.) We are a manufacturing, supplying and exporting an alluring range of Imitation Jewellery which includes Fashion Jewellery or Antique Jewellery And Artificial Jewellery .Our range is in great demand among our national &#038; international clients for its superannuated look, beautiful designs, elegance and quality. These are competitively prices and are packed in quality packaging material to deliver it safely to the clients.","Beautiful Anklets ","12/02/2014","22/04/2014","Simple Product","Catalog &#038; Search","No","No","No","2295","2295","","","","","","","","","","","Jewellery>Anklets|Jewellery","","http://swarajshop.com/wp-content/uploads/2014/04/JEPRALHAD000462.jpg",,"Taxable","","","","","Standard","Yes","0","Out of Stock","No","No","","","","","","Publish","Open","0",,,
"","","5429","JEPRALHAD00045","Imitation Anklets Jewellery","beautiful-anklets-jepralhad00045","http://swarajshop.com/product/beautiful-anklets-jepralhad00045/","Imitation Anklets Jewellery.This beautiful Earring is handcrafted in copper alloy with imitation Pearls and Polki of very fine quality and semi precious stones . These Earrings are coated with 18 kt white gold polish which give them a unique look . An absolutely stunning piece to own and are very light in weight. At Swarajshop, we are passionate and committed to challenging the way jewellery is designed, acquired and adorned. We stand for jewelry that is elegant, contemporary and exquisite &#038; are known for our quality service and reliability. Our Products :- (Diamond/Copper/Brass) Necklaces, Pendant Sets,Earrings, Rings, Anklets, Bangles&#038; Bracelets, Safe Packaging: We send this precious piece to you in a plastic case to keep it safe during dispatch and later at your end too. (The actual products may look different in color, texture, and size from the digital images. Zoom images may take time to display.) We are a manufacturing, supplying and exporting an alluring range of Imitation Jewellery which includes Fashion Jewellery or Antique Jewellery And Artificial Jewellery .Our range is in great demand among our national &#038; international clients for its superannuated look, beautiful designs, elegance and quality. These are competitively prices and are packed in quality packaging material to deliver it safely to the clients.","Beautiful Anklets","12/02/2014","22/04/2014","Simple Product","Catalog &#038; Search","No","No","No","2295","2295","","","","","","","","","","","Jewellery>Anklets|Jewellery","","http://swarajshop.com/wp-content/uploads/2014/04/JEPRALHAD000452.jpg",,"Taxable","","","","","Standard","Yes","0","Out of Stock","No","No","","","","","","Publish","Open","0",,,
"","","4107","JESAIRAJ000626","fashionable Fancy AnkletsJESAIRAJ000626","fashionable-fancy-ankletsjesairaj000626","http://swarajshop.com/product/fashionable-fancy-ankletsjesairaj000626/","","fashionable Fancy AnkletsBy Swarajshop","09/02/2014","22/04/2014","Simple Product","Catalog &#038; Search","No","No","No","480","","","","","","","","","","","","Jewellery>Anklets|Jewellery","","http://swarajshop.com/wp-content/uploads/2014/04/JESAIRAJ000626-2.jpg",,"Taxable","","","","","Standard","Yes","1","In Stock","No","No","","","","","","Publish","Open","0",,,
"","","4105","JESAIRAJ000625","Traditional  Fancy AnkletsJESAIRAJ000625","traditional-fancy-ankletsjesairaj000625","http://swarajshop.com/product/traditional-fancy-ankletsjesairaj000625/","","Traditional Fancy AnkletsBy Swarajshop","09/02/2014","22/04/2014","Simple Product","Catalog &#038; Search","No","No","No","480","","","","","","","","","","","","Jewellery>Anklets|Jewellery","","http://swarajshop.com/wp-content/uploads/2014/04/JESAIRAJ000625-2.jpg",,"Taxable","","","","","Standard","Yes","1","In Stock","No","No","","","","","","Publish","Open","0",,,
"","","4103","JESAIRAJ000624","Nice Fancy AnkletsJESAIRAJ000624","nice-fancy-ankletsjesairaj000624","http://swarajshop.com/product/nice-fancy-ankletsjesairaj000624/","","Nice Fancy AnkletsBy Swarajshop","09/02/2014","22/04/2014","Simple Product","Catalog &#038; Search","No","No","No","480","","","","","","","","","","","","Jewellery>Anklets|Jewellery","","http://swarajshop.com/wp-content/uploads/2014/04/JESAIRAJ000624-2.jpg",,"Taxable","","","","","Standard","Yes","1","In Stock","No","No","","","","","","Publish","Open","0",,,
"","","4101","JESAIRAJ000623","Lovely Fancy AnkletsJESAIRAJ000623","lovely-fancy-ankletsjesairaj000623","http://swarajshop.com/product/lovely-fancy-ankletsjesairaj000623/","","Lovely Fancy AnkletsBy Swarajshop","09/02/2014","22/04/2014","Simple Product","Catalog &#038; Search","No","No","No","480","","","","","","","","","","","","Jewellery>Anklets|Jewellery","","http://swarajshop.com/wp-content/uploads/2014/04/JESAIRAJ0006231.jpg",,"Taxable","","","","","Standard","Yes","1","In Stock","No","No","","","","","","Publish","Open","0",,,
"","","4099","JESAIRAJ000622","Beautiful Fancy AnkletsJESAIRAJ000622","beautiful-fancy-ankletsjesairaj000622","http://swarajshop.com/product/beautiful-fancy-ankletsjesairaj000622/","","Beautiful Fancy AnkletsBy Swarajshop","09/02/2014","22/04/2014","Simple Product","Catalog &#038; Search","No","No","No","480","","","","","","","","","","","","Jewellery>Anklets|Jewellery","","http://swarajshop.com/wp-content/uploads/2014/04/JESAIRAJ000622-2.jpg",,"Taxable","","","","","Standard","Yes","1","In Stock","No","No","","","","","","Publish","Open","0",,,
"","","4097","JESAIRAJ000621","Delicate Fancy AnkletsJESAIRAJ000621","delicate-fancy-ankletsjesairaj000621","http://swarajshop.com/product/delicate-fancy-ankletsjesairaj000621/","","Delicate Fancy AnkletsBy Swarajshop","09/02/2014","22/04/2014","Simple Product","Catalog &#038; Search","No","No","No","480","","","","","","","","","","","","Jewellery>Anklets|Jewellery","","http://swarajshop.com/wp-content/uploads/2014/04/JESAIRAJ0006212.jpg",,"Taxable","","","","","Standard","Yes","1","In Stock","No","No","","","","","","Publish","Open","0",,,
"","","4095","JESAIRAJ000620","Pretty Fancy AnkletsJESAIRAJ000620","pretty-fancy-ankletsjesairaj000620","http://swarajshop.com/product/pretty-fancy-ankletsjesairaj000620/","","Pretty Fancy AnkletsBy Swarajshop","09/02/2014","22/04/2014","Simple Product","Catalog &#038; Search","No","No","No","480","","","","","","","","","","","","Jewellery>Anklets|Jewellery","","http://swarajshop.com/wp-content/uploads/2014/04/JESAIRAJ0006202.jpg",,"Taxable","","","","","Standard","Yes","1","In Stock","No","No","","","","","","Publish","Open","0",,,
"","","4093","JESAIRAJ000619","Attractive  Fancy AnkletsJESAIRAJ000619","attractive-fancy-ankletsjesairaj000619","http://swarajshop.com/product/attractive-fancy-ankletsjesairaj000619/","","Attractive Fancy AnkletsBy Swarajshop","09/02/2014","22/04/2014","Simple Product","Catalog &#038; Search","No","No","No","480","","","","","","","","","","","","Jewellery>Anklets|Jewellery","","http://swarajshop.com/wp-content/uploads/2014/04/JESAIRAJ000619.jpg",,"Taxable","","","","","Standard","Yes","1","In Stock","No","No","","","","","","Publish","Open","0",,,
"","","4091","JESAIRAJ000618","Beautiful Fancy AnkletsJESAIRAJ000618","beautiful-fancy-ankletsjesairaj000618","http://swarajshop.com/product/beautiful-fancy-ankletsjesairaj000618/","","Beautiful Fancy AnkletsBy Swarajshop","09/02/2014","22/04/2014","Simple Product","Catalog &#038; Search","No","No","No","480","","","","","","","","","","","","Jewellery>Anklets|Jewellery","","http://swarajshop.com/wp-content/uploads/2014/04/JESAIRAJ0006181.jpg","23100","Taxable","","","","","Standard","Yes","1","In Stock","No","No","","","","","","Publish","Open","0",,,
"","","4089","JESAIRAJ000617","Cute Fancy AnkletsJESAIRAJ000617","cute-fancy-ankletsjesairaj000617","http://swarajshop.com/?post_type=product&#038;p=4089","","Cute Fancy AnkletsBy Swarajshop","21/06/2014","21/06/2014","Simple Product","Catalog &#038; Search","No","No","No","480","","","","","","","","","","","","Jewellery>Anklets|Jewellery","online silver jewellery","http://swarajshop.com/wp-content/uploads/2014/04/JESAIRAJ000617.jpg",,"Taxable","","","","","Standard","Yes","0","Out of Stock","No","No","","","","","","pending","Open","0",,,
"","","4087","JESAIRAJ000616","Amazing Fancy AnkletsJESAIRAJ000616","amazing-fancy-ankletsjesairaj000616","http://swarajshop.com/?post_type=product&#038;p=4087","","Amazing Fancy AnkletsBy Swarajshop","21/06/2014","21/06/2014","Simple Product","Catalog &#038; Search","No","No","No","480","","","","","","","","","","","","Jewellery>Anklets|Jewellery","online silver jewellery","http://swarajshop.com/wp-content/uploads/2014/04/JESAIRAJ000616.jpg",,"Taxable","","","","","Standard","Yes","0","Out of Stock","No","No","","","","","","pending","Open","0",,,
"","","4085","JESAIRAJ000615","Beautiful Fancy AnkletsJESAIRAJ000615","beautiful-fancy-ankletsjesairaj000615","http://swarajshop.com/?post_type=product&#038;p=4085","","Beautiful Fancy AnkletsBy Swarajshop","21/06/2014","21/06/2014","Simple Product","Catalog &#038; Search","No","No","No","480","","","","","","","","","","","","Jewellery>Anklets|Jewellery","online silver jewellery","http://swarajshop.com/wp-content/uploads/2014/04/JESAIRAJ000615.jpg",,"Taxable","","","","","Standard","Yes","0","Out of Stock","No","No","","","","","","pending","Open","0",,,
"","","4083","JESAIRAJ000614","fashionable Fancy AnkletsJESAIRAJ000614","fashionable-fancy-ankletsjesairaj000614","http://swarajshop.com/?post_type=product&#038;p=4083","","fashionable Fancy AnkletsBy Swarajshop","21/06/2014","21/06/2014","Simple Product","Catalog &#038; Search","No","No","No","480","","","","","","","","","","","","Jewellery>Anklets|Jewellery","online silver jewellery","http://swarajshop.com/wp-content/uploads/2014/04/JESAIRAJ000614.jpg",,"Taxable","","","","","Standard","Yes","0","Out of Stock","No","No","","","","","","pending","Open","0",,,
"","","4081","JESAIRAJ000613","Traditional  Fancy AnkletsJESAIRAJ000613","traditional-fancy-ankletsjesairaj000613","http://swarajshop.com/?post_type=product&#038;p=4081","","Traditional  Fancy AnkletsBy Swarajshop","22/04/2014","22/04/2014","Simple Product","Catalog &#038; Search","No","No","No","480","","","","","","","","","","","","Jewellery>Anklets|Jewellery","","http://swarajshop.com/wp-content/uploads/2014/04/JESAIRAJ000613.jpg",,"Taxable","","","","","Standard","Yes","0","Out of Stock","No","No","","","","","","pending","Open","0",,,
"","","4079","JESAIRAJ000612","Nice Fancy AnkletsJESAIRAJ000612","nice-fancy-ankletsjesairaj000612","http://swarajshop.com/?post_type=product&#038;p=4079","","Nice Fancy AnkletsBy Swarajshop","22/04/2014","22/04/2014","Simple Product","Catalog &#038; Search","No","No","No","480","","","","","","","","","","","","Jewellery>Anklets|Jewellery","","http://swarajshop.com/wp-content/uploads/2014/04/JESAIRAJ000612.jpg",,"Taxable","","","","","Standard","Yes","0","Out of Stock","No","No","","","","","","pending","Open","0",,,
"","","4077","JESAIRAJ000611","Lovely Fancy AnkletsJESAIRAJ000611","lovely-fancy-ankletsjesairaj000611","http://swarajshop.com/?post_type=product&#038;p=4077","","Lovely Fancy AnkletsBy Swarajshop","22/04/2014","22/04/2014","Simple Product","Catalog &#038; Search","No","No","No","480","","","","","","","","","","","","Jewellery>Anklets|Jewellery","","http://swarajshop.com/wp-content/uploads/2014/04/JESAIRAJ000611.jpg",,"Taxable","","","","","Standard","Yes","0","Out of Stock","No","No","","","","","","pending","Open","0",,,
"","","4075","JESAIRAJ000610","Beautiful Fancy AnkletsJESAIRAJ000610","beautiful-fancy-ankletsjesairaj000610","http://swarajshop.com/?post_type=product&#038;p=4075","","Beautiful Fancy AnkletsBy Swarajshop","22/04/2014","22/04/2014","Simple Product","Catalog &#038; Search","No","No","No","480","","","","","","","","","","","","Jewellery>Anklets|Jewellery","","http://swarajshop.com/wp-content/uploads/2014/04/JESAIRAJ000610.jpg",,"Taxable","","","","","Standard","Yes","0","Out of Stock","No","No","","","","","","pending","Open","0",,,
"","","4073","JESAIRAJ000609","Delicate Fancy AnkletsJESAIRAJ000609","delicate-fancy-ankletsjesairaj000609","http://swarajshop.com/?post_type=product&#038;p=4073","","Delicate Fancy AnkletsBy Swarajshop","22/04/2014","22/04/2014","Simple Product","Catalog &#038; Search","No","No","No","480","","","","","","","","","","","","Jewellery>Anklets|Jewellery","","http://swarajshop.com/wp-content/uploads/2014/04/JESAIRAJ000609.jpg",,"Taxable","","","","","Standard","Yes","0","Out of Stock","No","No","","","","","","pending","Open","0",,,
"","","4071","JESAIRAJ000608","Pretty Fancy AnkletsJESAIRAJ000608","pretty-fancy-ankletsjesairaj000608","http://swarajshop.com/?post_type=product&#038;p=4071","","Pretty Fancy AnkletsBy Swarajshop","22/04/2014","22/04/2014","Simple Product","Catalog &#038; Search","No","No","No","480","","","","","","","","","","","","Jewellery>Anklets|Jewellery","","http://swarajshop.com/wp-content/uploads/2014/04/JESAIRAJ000608.jpg",,"Taxable","","","","","Standard","Yes","0","Out of Stock","No","No","","","","","","pending","Open","0",,,
"","","4069","JESAIRAJ000607","Attractive  Fancy AnkletsJESAIRAJ000607","attractive-fancy-ankletsjesairaj000607","http://swarajshop.com/?post_type=product&#038;p=4069","","Attractive  Fancy AnkletsBy Swarajshop","22/04/2014","22/04/2014","Simple Product","Catalog &#038; Search","No","No","No","480","","","","","","","","","","","","Jewellery>Anklets|Jewellery","","http://swarajshop.com/wp-content/uploads/2014/04/JESAIRAJ000607.jpg",,"Taxable","","","","","Standard","Yes","0","Out of Stock","No","No","","","","","","pending","Open","0",,,
"","","4067","JESAIRAJ000606","Beautiful Fancy AnkletsJESAIRAJ000606","beautiful-fancy-ankletsjesairaj000606","http://swarajshop.com/?post_type=product&#038;p=4067","","Beautiful Fancy AnkletsBy Swarajshop","22/04/2014","22/04/2014","Simple Product","Catalog &#038; Search","No","No","No","480","","","","","","","","","","","","Jewellery>Anklets|Jewellery","","http://swarajshop.com/wp-content/uploads/2014/04/JESAIRAJ000606.jpg",,"Taxable","","","","","Standard","Yes","1","Out of Stock","No","No","","","","","","Draft","Open","0",,,
"","","4065","JESAIRAJ000605","Cute Fancy AnkletsJESAIRAJ000605","cute-fancy-ankletsjesairaj000605","http://swarajshop.com/?post_type=product&#038;p=4065","","Cute Fancy AnkletsBy Swarajshop","22/04/2014","22/04/2014","Simple Product","Catalog &#038; Search","No","No","No","480","","","","","","","","","","","","Jewellery>Anklets|Jewellery","","http://swarajshop.com/wp-content/uploads/2014/04/JESAIRAJ000605-2.jpg",,"Taxable","","","","","Standard","Yes","0","Out of Stock","No","No","","","","","","Draft","Open","0",,,
"","","4063","JESAIRAJ000604","Amazing Fancy AnkletsJESAIRAJ000604","amazing-fancy-ankletsjesairaj000604","http://swarajshop.com/?post_type=product&#038;p=4063","","Amazing Fancy AnkletsBy Swarajshop","22/04/2014","22/04/2014","Simple Product","Catalog &#038; Search","No","No","No","480","","","","","","","","","","","","Jewellery>Anklets|Jewellery","","http://swarajshop.com/wp-content/uploads/2014/04/JESAIRAJ000604-2.jpg",,"Taxable","","","","","Standard","Yes","0","Out of Stock","No","No","","","","","","Draft","Open","0",,,
"","","4061","JESAIRAJ000603","Beautiful Fancy AnkletsJESAIRAJ000603","beautiful-fancy-ankletsjesairaj000603","http://swarajshop.com/?post_type=product&#038;p=4061","","Beautiful Fancy AnkletsBy Swarajshop","22/04/2014","22/04/2014","Simple Product","Catalog &#038; Search","No","No","No","480","","","","","","","","","","","","Jewellery>Anklets|Jewellery","","http://swarajshop.com/wp-content/uploads/2014/04/JESAIRAJ0006031.jpg",,"Taxable","","","","","Standard","Yes","0","Out of Stock","No","No","","","","","","Draft","Open","0",,,
"","","2648","JESAIRAJ000302","Pearls &#038; zircon traditional ankletJESAIRAJ000302","pearls-zircon-traditional-ankletjesairaj000302","http://swarajshop.com/product/pearls-zircon-traditional-ankletjesairaj000302/","","Pearls &#038; zircon traditional ankletBy Swarajshop","09/02/2014","22/04/2014","Simple Product","Catalog &#038; Search","No","No","No","1284","","","","","","","","","","","","Jewellery>Anklets|Jewellery","","http://swarajshop.com/wp-content/uploads/2014/04/JESAIRAJ0003022.jpg",,"Taxable","","","","","Standard","Yes","1","In Stock","No","No","","","","","","Publish","Open","0",,,
"","","2646","JESAIRAJ000301","Pearls &#038; zircon traditional ankletJESAIRAJ000301","pearls-zircon-traditional-ankletjesairaj000301","http://swarajshop.com/product/pearls-zircon-traditional-ankletjesairaj000301/","","Pearls &#038; zircon traditional ankletBy Swarajshop","09/02/2014","22/04/2014","Simple Product","Catalog &#038; Search","No","No","No","1284","","","","","","","","","","","","Jewellery>Anklets|Jewellery","","http://swarajshop.com/wp-content/uploads/2014/04/JESAIRAJ0003012.jpg",,"Taxable","","","","","Standard","Yes","1","In Stock","No","No","","","","","","Publish","Open","0",,,
"","","2644","JESAIRAJ000262","Fancy AnkletsJESAIRAJ000262","fancy-ankletsjesairaj000262","http://swarajshop.com/product/fancy-ankletsjesairaj000262/","","Fancy AnkletsBy Swarajshop","09/02/2014","22/04/2014","Simple Product","Catalog &#038; Search","No","No","No","488","","","","","","","","","","","","Jewellery>Anklets|Jewellery","","http://swarajshop.com/wp-content/uploads/2014/04/JESAIRAJ0002622.jpg",,"Taxable","","","","","Standard","Yes","1","In Stock","No","No","","","","","","Publish","Open","0",,,
"","","2642","JESAIRAJ000261","Fancy AnkletsJESAIRAJ000261","fancy-ankletsjesairaj000261","http://swarajshop.com/product/fancy-ankletsjesairaj000261/","","Fancy AnkletsBy Swarajshop","09/02/2014","22/04/2014","Simple Product","Catalog &#038; Search","No","No","No","488","","","","","","","","","","","","Jewellery>Anklets|Jewellery","","http://swarajshop.com/wp-content/uploads/2014/04/JESAIRAJ0002612.jpg",,"Taxable","","","","","Standard","Yes","1","In Stock","No","No","","","","","","Publish","Open","0",,,
"","","2640","JESAIRAJ000260","Fancy AnkletsJESAIRAJ000260","fancy-ankletsjesairaj000260","http://swarajshop.com/product/fancy-ankletsjesairaj000260/","","Fancy AnkletsBy Swarajshop","09/02/2014","22/04/2014","Simple Product","Catalog &#038; Search","No","No","No","488","","","","","","","","","","","","Jewellery>Anklets|Jewellery","","http://swarajshop.com/wp-content/uploads/2014/04/JESAIRAJ0002602.jpg",,"Taxable","","","","","Standard","Yes","0","Out of Stock","No","No","","","","","","Publish","Open","0",,,
"","","2636","JESAIRAJ000258","Designer  AnkletsJESAIRAJ000258","designer-ankletsjesairaj000258","http://swarajshop.com/product/designer-ankletsjesairaj000258/","","Designer  AnkletsBy Swarajshop","09/02/2014","22/04/2014","Simple Product","Catalog &#038; Search","No","No","No","1288","","","","","","","","","","","","Jewellery>Anklets|Jewellery","","http://swarajshop.com/wp-content/uploads/2014/04/JESAIRAJ0002582.jpg",,"Taxable","","","","","Standard","Yes","1","In Stock","No","No","","","","","","Publish","Open","0",,,
"","","2634","JESAIRAJ000257","Designer  AnkletsJESAIRAJ000257","designer-ankletsjesairaj000257","http://swarajshop.com/product/designer-ankletsjesairaj000257/","","Designer  AnkletsBy Swarajshop","09/02/2014","22/04/2014","Simple Product","Catalog &#038; Search","No","No","No","675","","","","","","","","","","","","Jewellery>Anklets|Jewellery","","http://swarajshop.com/wp-content/uploads/2014/04/JESAIRAJ0002572.jpg",,"Taxable","","","","","Standard","Yes","0","Out of Stock","No","No","","","","","","Publish","Open","0",,,
"","","2632","JESAIRAJ000256","Pearls AnkletsJESAIRAJ000256","pearls-ankletsjesairaj000256","http://swarajshop.com/product/pearls-ankletsjesairaj000256/","","Pearls AnkletsBy Swarajshop","09/02/2014","22/04/2014","Simple Product","Catalog &#038; Search","No","No","No","608","","","","","","","","","","","","Jewellery>Anklets|Jewellery","","http://swarajshop.com/wp-content/uploads/2014/04/JESAIRAJ0002562.jpg",,"Taxable","","","","","Standard","Yes","1","In Stock","No","No","","","","","","Publish","Open","0",,,
"","","2630","JESAIRAJ000255","Elegent Stone AnkletsJESAIRAJ000255","elegent-stone-ankletsjesairaj000255","http://swarajshop.com/product/elegent-stone-ankletsjesairaj000255/","","Elegent Stone AnkletsBy Swarajshop","09/02/2014","22/04/2014","Simple Product","Catalog &#038; Search","No","No","No","608","","","","","","","","","","","","Jewellery>Anklets|Jewellery","","http://swarajshop.com/wp-content/uploads/2014/04/JESAIRAJ0002552.jpg",,"Taxable","","","","","Standard","Yes","1","In Stock","No","No","","","","","","Publish","Open","0",,,
"","","2628","JESAIRAJ000254","Designer AnkletsJESAIRAJ000254","designer-ankletsjesairaj000254","http://swarajshop.com/product/designer-ankletsjesairaj000254/","","Designer AnkletsBy Swarajshop","09/02/2014","22/04/2014","Simple Product","Catalog &#038; Search","No","No","No","608","","","","","","","","","","","","Jewellery>Anklets|Jewellery","","http://swarajshop.com/wp-content/uploads/2014/04/JESAIRAJ0002542.jpg",,"Taxable","","","","","Standard","Yes","1","In Stock","No","No","","","","","","Publish","Open","0",,,
